1,Jan,Kowalski,1000
2,Jan,Kowalski,999
3,Jan,Kowalski,998
4,Jan,Kowalski,997
5,Jan,Kowalski,996
6,Jan,Kowalski,995
7,Jan,Kowalski,994
8,Jan,Kowalski,993
9,Jan,Kowalski,992
10,Jan,Kowalski,991
11,Jan,Kowalski,122
12,Jan,Kowalski,122
13,Jan,Kowalski,122
14,Jan,Kowalski,122
15,Jan,Kowalski,122
16,Jan,Kowalski,122
17,Jan,Kowalski,122
18,Jan,Kowalski,122
19,Jan,Kowalski,122
20,Jan,Kowalski,122
21,Jan,Kowalski,122
22,Jan,Kowalski,122
23,Jan,Kowalski,122
24,Jan,Kowalski,122
25,Jan,Kowalski,122
26,Jan,Kowalski,122
27,Jan,Kowalski,122
28,Jan,Kowalski,122
29,Jan,Kowalski,122
30,Jan,Kowalski,122
31,Jan,Kowalski,122
32,Jan,Kowalski,122
33,Jan,Kowalski,122
34,Jan,Kowalski,122
35,Jan,Kowalski,122
36,Jan,Kowalski,122
37,Jan,Kowalski,122
38,Jan,Kowalski,122
39,Jan,Kowalski,122
40,Jan,Kowalski,122
41,Jan,Kowalski,122
42,Jan,Kowalski,122
43,Jan,Kowalski,122
44,Jan,Kowalski,122
45,Jan,Kowalski,122
46,Jan,Kowalski,122
47,Jan,Kowalski,122
48,Jan,Kowalski,122
49,Jan,Kowalski,122
50,Jan,Kowalski,122
51,Jan,Kowalski,122
52,Jan,Kowalski,122
53,Jan,Kowalski,122
54,Jan,Kowalski,122
55,Jan,Kowalski,122
56,Jan,Kowalski,122
57,Jan,Kowalski,122
58,Jan,Kowalski,122
59,Jan,Kowalski,122
60,Jan,Kowalski,122
61,Jan,Kowalski,122
62,Jan,Kowalski,122
63,Jan,Kowalski,122
64,Jan,Kowalski,122
65,Jan,Kowalski,122
66,Jan,Kowalski,122
67,Jan,Kowalski,122
68,Jan,Kowalski,122
69,Jan,Kowalski,122
70,Jan,Kowalski,122
71,Jan,Kowalski,122
72,Jan,Kowalski,122
73,Jan,Kowalski,122
74,Jan,Kowalski,122
75,Jan,Kowalski,122
76,Jan,Kowalski,122
77,Jan,Kowalski,122
78,Jan,Kowalski,122
79,Jan,Kowalski,122
80,Jan,Kowalski,122
81,Jan,Kowalski,122
82,Jan,Kowalski,122
83,Jan,Kowalski,122
84,Jan,Kowalski,122
85,Jan,Kowalski,122
86,Jan,Kowalski,122
87,Jan,Kowalski,122
88,Jan,Kowalski,122
89,Jan,Kowalski,122
90,Jan,Kowalski,122
91,Jan,Kowalski,122
92,Jan,Kowalski,122
93,Jan,Kowalski,122
94,Jan,Kowalski,122
95,Jan,Kowalski,122
96,Jan,Kowalski,122
97,Jan,Kowalski,122
98,Jan,Kowalski,122
99,Jan,Kowalski,122
100,Jan,Kowalski,122
101,Jan,Kowalski,122
102,Jan,Kowalski,122
103,Jan,Kowalski,122
104,Jan,Kowalski,122
105,Jan,Kowalski,122
106,Jan,Kowalski,122
107,Jan,Kowalski,122
108,Jan,Kowalski,122
109,Jan,Kowalski,122
110,Jan,Kowalski,122
111,Jan,Kowalski,122
112,Jan,Kowalski,122
113,Jan,Kowalski,122
114,Jan,Kowalski,122
115,Jan,Kowalski,122
116,Jan,Kowalski,122
117,Jan,Kowalski,122
118,Jan,Kowalski,122
119,Jan,Kowalski,122
120,Jan,Kowalski,122
121,Jan,Kowalski,122
122,Jan,Kowalski,122
123,Jan,Kowalski,122
124,Jan,Kowalski,122
125,Jan,Kowalski,122
126,Jan,Kowalski,122
127,Jan,Kowalski,122
128,Jan,Kowalski,122
129,Jan,Kowalski,122
130,Jan,Kowalski,122
131,Jan,Kowalski,122
132,Jan,Kowalski,122
133,Jan,Kowalski,122
134,Jan,Kowalski,122
135,Jan,Kowalski,122
136,Jan,Kowalski,122
137,Jan,Kowalski,122
138,Jan,Kowalski,122
139,Jan,Kowalski,122
140,Jan,Kowalski,122
141,Jan,Kowalski,122
142,Jan,Kowalski,122
143,Jan,Kowalski,122
144,Jan,Kowalski,122
145,Jan,Kowalski,122
146,Jan,Kowalski,122
147,Jan,Kowalski,122
148,Jan,Kowalski,122
149,Jan,Kowalski,122
150,Jan,Kowalski,122
151,Jan,Kowalski,122
152,Jan,Kowalski,122
153,Jan,Kowalski,122
154,Jan,Kowalski,122
155,Jan,Kowalski,122
156,Jan,Kowalski,122
157,Jan,Kowalski,122
158,Jan,Kowalski,122
159,Jan,Kowalski,122
160,Jan,Kowalski,122
161,Jan,Kowalski,122
162,Jan,Kowalski,122
163,Jan,Kowalski,122
164,Jan,Kowalski,122
165,Jan,Kowalski,122
166,Jan,Kowalski,122
167,Jan,Kowalski,122
168,Jan,Kowalski,122
169,Jan,Kowalski,122
170,Jan,Kowalski,122
171,Jan,Kowalski,122
172,Jan,Kowalski,122
173,Jan,Kowalski,122
174,Jan,Kowalski,122
175,Jan,Kowalski,122
176,Jan,Kowalski,122
177,Jan,Kowalski,122
178,Jan,Kowalski,122
179,Jan,Kowalski,122
180,Jan,Kowalski,122
181,Jan,Kowalski,122
182,Jan,Kowalski,122
183,Jan,Kowalski,122
184,Jan,Kowalski,122
185,Jan,Kowalski,122
186,Jan,Kowalski,122
187,Jan,Kowalski,122
188,Jan,Kowalski,122
189,Jan,Kowalski,122
190,Jan,Kowalski,122
191,Jan,Kowalski,122
192,Jan,Kowalski,122
193,Jan,Kowalski,122
194,Jan,Kowalski,122
195,Jan,Kowalski,122
196,Jan,Kowalski,122
197,Jan,Kowalski,122
198,Jan,Kowalski,122
199,Jan,Kowalski,122
200,Jan,Kowalski,122
201,Jan,Kowalski,122
202,Jan,Kowalski,122
203,Jan,Kowalski,122
204,Jan,Kowalski,122
205,Jan,Kowalski,122
206,Jan,Kowalski,122
207,Jan,Kowalski,122
208,Jan,Kowalski,122
209,Jan,Kowalski,122
210,Jan,Kowalski,122
211,Jan,Kowalski,122
212,Jan,Kowalski,122
213,Jan,Kowalski,122
214,Jan,Kowalski,122
215,Jan,Kowalski,122
216,Jan,Kowalski,122
217,Jan,Kowalski,122
218,Jan,Kowalski,122
219,Jan,Kowalski,122
220,Jan,Kowalski,122
221,Jan,Kowalski,122
222,Jan,Kowalski,122
223,Jan,Kowalski,122
224,Jan,Kowalski,122
225,Jan,Kowalski,122
226,Jan,Kowalski,122
227,Jan,Kowalski,122
228,Jan,Kowalski,122
229,Jan,Kowalski,122
230,Jan,Kowalski,122
231,Jan,Kowalski,122
232,Jan,Kowalski,122
233,Jan,Kowalski,122
234,Jan,Kowalski,122
235,Jan,Kowalski,122
236,Jan,Kowalski,122
237,Jan,Kowalski,122
238,Jan,Kowalski,122
239,Jan,Kowalski,122
240,Jan,Kowalski,122
241,Jan,Kowalski,122
242,Jan,Kowalski,122
243,Jan,Kowalski,122
244,Jan,Kowalski,122
245,Jan,Kowalski,122
246,Jan,Kowalski,122
247,Jan,Kowalski,122
248,Jan,Kowalski,122
249,Jan,Kowalski,122
250,Jan,Kowalski,122
251,Jan,Kowalski,122
252,Jan,Kowalski,122
253,Jan,Kowalski,122
254,Jan,Kowalski,122
255,Jan,Kowalski,122
256,Jan,Kowalski,122
257,Jan,Kowalski,122
258,Jan,Kowalski,122
259,Jan,Kowalski,122
260,Jan,Kowalski,122
261,Jan,Kowalski,122
262,Jan,Kowalski,122
263,Jan,Kowalski,122
264,Jan,Kowalski,122
265,Jan,Kowalski,122
266,Jan,Kowalski,122
267,Jan,Kowalski,122
268,Jan,Kowalski,122
269,Jan,Kowalski,122
270,Jan,Kowalski,122
271,Jan,Kowalski,122
272,Jan,Kowalski,122
273,Jan,Kowalski,122
274,Jan,Kowalski,122
275,Jan,Kowalski,122
276,Jan,Kowalski,122
277,Jan,Kowalski,122
278,Jan,Kowalski,122
279,Jan,Kowalski,122
280,Jan,Kowalski,122
281,Jan,Kowalski,122
282,Jan,Kowalski,122
283,Jan,Kowalski,122
284,Jan,Kowalski,122
285,Jan,Kowalski,122
286,Jan,Kowalski,122
287,Jan,Kowalski,122
288,Jan,Kowalski,122
289,Jan,Kowalski,122
290,Jan,Kowalski,122
291,Jan,Kowalski,122
292,Jan,Kowalski,122
293,Jan,Kowalski,122
294,Jan,Kowalski,122
295,Jan,Kowalski,122
296,Jan,Kowalski,122
297,Jan,Kowalski,122
298,Jan,Kowalski,122
299,Jan,Kowalski,122
300,Jan,Kowalski,122
301,Jan,Kowalski,122
302,Jan,Kowalski,122
303,Jan,Kowalski,122
304,Jan,Kowalski,122
305,Jan,Kowalski,122
306,Jan,Kowalski,122
307,Jan,Kowalski,122
308,Jan,Kowalski,122
309,Jan,Kowalski,122
310,Jan,Kowalski,122
311,Jan,Kowalski,122
312,Jan,Kowalski,122
313,Jan,Kowalski,122
314,Jan,Kowalski,122
315,Jan,Kowalski,122
316,Jan,Kowalski,122
317,Jan,Kowalski,122
318,Jan,Kowalski,122
319,Jan,Kowalski,122
320,Jan,Kowalski,122
321,Jan,Kowalski,122
322,Jan,Kowalski,122
323,Jan,Kowalski,122
324,Jan,Kowalski,122
325,Jan,Kowalski,122
326,Jan,Kowalski,122
327,Jan,Kowalski,122
328,Jan,Kowalski,122
329,Jan,Kowalski,122
330,Jan,Kowalski,122
331,Jan,Kowalski,122
332,Jan,Kowalski,122
333,Jan,Kowalski,122
334,Jan,Kowalski,122
335,Jan,Kowalski,122
336,Jan,Kowalski,122
337,Jan,Kowalski,122
338,Jan,Kowalski,122
339,Jan,Kowalski,122
340,Jan,Kowalski,122
341,Jan,Kowalski,122
342,Jan,Kowalski,122
343,Jan,Kowalski,122
344,Jan,Kowalski,122
345,Jan,Kowalski,122
346,Jan,Kowalski,122
347,Jan,Kowalski,122
348,Jan,Kowalski,122
349,Jan,Kowalski,122
350,Jan,Kowalski,122
351,Jan,Kowalski,122
352,Jan,Kowalski,122
353,Jan,Kowalski,122
354,Jan,Kowalski,122
355,Jan,Kowalski,122
356,Jan,Kowalski,122
357,Jan,Kowalski,122
358,Jan,Kowalski,122
359,Jan,Kowalski,122
360,Jan,Kowalski,122
361,Jan,Kowalski,122
362,Jan,Kowalski,122
363,Jan,Kowalski,122
364,Jan,Kowalski,122
365,Jan,Kowalski,122
366,Jan,Kowalski,122
367,Jan,Kowalski,122
368,Jan,Kowalski,122
369,Jan,Kowalski,122
370,Jan,Kowalski,122
371,Jan,Kowalski,122
372,Jan,Kowalski,122
373,Jan,Kowalski,122
374,Jan,Kowalski,122
375,Jan,Kowalski,122
376,Jan,Kowalski,122
377,Jan,Kowalski,122
378,Jan,Kowalski,122
379,Jan,Kowalski,122
380,Jan,Kowalski,122
381,Jan,Kowalski,122
382,Jan,Kowalski,122
383,Jan,Kowalski,122
384,Jan,Kowalski,122
385,Jan,Kowalski,122
386,Jan,Kowalski,122
387,Jan,Kowalski,122
388,Jan,Kowalski,122
389,Jan,Kowalski,122
390,Jan,Kowalski,122
391,Jan,Kowalski,122
392,Jan,Kowalski,122
393,Jan,Kowalski,122
394,Jan,Kowalski,122
395,Jan,Kowalski,122
396,Jan,Kowalski,122
397,Jan,Kowalski,122
398,Jan,Kowalski,122
399,Jan,Kowalski,122
400,Jan,Kowalski,122
401,Jan,Kowalski,122
402,Jan,Kowalski,122
403,Jan,Kowalski,122
404,Jan,Kowalski,122
405,Jan,Kowalski,122
406,Jan,Kowalski,122
407,Jan,Kowalski,122
408,Jan,Kowalski,122
409,Jan,Kowalski,122
410,Jan,Kowalski,122
411,Jan,Kowalski,122
412,Jan,Kowalski,122
413,Jan,Kowalski,122
414,Jan,Kowalski,122
415,Jan,Kowalski,122
416,Jan,Kowalski,122
417,Jan,Kowalski,122
418,Jan,Kowalski,122
419,Jan,Kowalski,122
420,Jan,Kowalski,122
421,Jan,Kowalski,122
422,Jan,Kowalski,122
423,Jan,Kowalski,122
424,Jan,Kowalski,122
425,Jan,Kowalski,122
426,Jan,Kowalski,122
427,Jan,Kowalski,122
428,Jan,Kowalski,122
429,Jan,Kowalski,122
430,Jan,Kowalski,122
431,Jan,Kowalski,122
432,Jan,Kowalski,122
433,Jan,Kowalski,122
434,Jan,Kowalski,122
435,Jan,Kowalski,122
436,Jan,Kowalski,122
437,Jan,Kowalski,122
438,Jan,Kowalski,122
439,Jan,Kowalski,122
440,Jan,Kowalski,122
441,Jan,Kowalski,122
442,Jan,Kowalski,122
443,Jan,Kowalski,122
444,Jan,Kowalski,122
445,Jan,Kowalski,122
446,Jan,Kowalski,122
447,Jan,Kowalski,122
448,Jan,Kowalski,122
449,Jan,Kowalski,122
450,Jan,Kowalski,122
451,Jan,Kowalski,122
452,Jan,Kowalski,122
453,Jan,Kowalski,122
454,Jan,Kowalski,122
455,Jan,Kowalski,122
456,Jan,Kowalski,122
457,Jan,Kowalski,122
458,Jan,Kowalski,122
459,Jan,Kowalski,122
460,Jan,Kowalski,122
461,Jan,Kowalski,122
462,Jan,Kowalski,122
463,Jan,Kowalski,122
464,Jan,Kowalski,122
465,Jan,Kowalski,122
466,Jan,Kowalski,122
467,Jan,Kowalski,122
468,Jan,Kowalski,122
469,Jan,Kowalski,122
470,Jan,Kowalski,122
471,Jan,Kowalski,122
472,Jan,Kowalski,122
473,Jan,Kowalski,122
474,Jan,Kowalski,122
475,Jan,Kowalski,122
476,Jan,Kowalski,122
477,Jan,Kowalski,122
478,Jan,Kowalski,122
479,Jan,Kowalski,122
480,Jan,Kowalski,122
481,Jan,Kowalski,122
482,Jan,Kowalski,122
483,Jan,Kowalski,122
484,Jan,Kowalski,122
485,Jan,Kowalski,122
486,Jan,Kowalski,122
487,Jan,Kowalski,122
488,Jan,Kowalski,122
489,Jan,Kowalski,122
490,Jan,Kowalski,122
491,Jan,Kowalski,122
492,Jan,Kowalski,122
493,Jan,Kowalski,122
494,Jan,Kowalski,122
495,Jan,Kowalski,122
496,Jan,Kowalski,122
497,Jan,Kowalski,122
498,Jan,Kowalski,122
499,Jan,Kowalski,122
500,Jan,Kowalski,122
501,Jan,Kowalski,122
502,Jan,Kowalski,122
503,Jan,Kowalski,122
504,Jan,Kowalski,122
505,Jan,Kowalski,122
506,Jan,Kowalski,122
507,Jan,Kowalski,122
508,Jan,Kowalski,122
509,Jan,Kowalski,122
510,Jan,Kowalski,122
511,Jan,Kowalski,122
512,Jan,Kowalski,122
513,Jan,Kowalski,122
514,Jan,Kowalski,122
515,Jan,Kowalski,122
516,Jan,Kowalski,122
517,Jan,Kowalski,122
518,Jan,Kowalski,122
519,Jan,Kowalski,122
520,Jan,Kowalski,122
521,Jan,Kowalski,122
522,Jan,Kowalski,122
523,Jan,Kowalski,122
524,Jan,Kowalski,122
525,Jan,Kowalski,122
526,Jan,Kowalski,122
527,Jan,Kowalski,122
528,Jan,Kowalski,122
529,Jan,Kowalski,122
530,Jan,Kowalski,122
531,Jan,Kowalski,122
532,Jan,Kowalski,122
533,Jan,Kowalski,122
534,Jan,Kowalski,122
535,Jan,Kowalski,122
536,Jan,Kowalski,122
537,Jan,Kowalski,122
538,Jan,Kowalski,122
539,Jan,Kowalski,122
540,Jan,Kowalski,122
541,Jan,Kowalski,122
542,Jan,Kowalski,122
543,Jan,Kowalski,122
544,Jan,Kowalski,122
545,Jan,Kowalski,122
546,Jan,Kowalski,122
547,Jan,Kowalski,122
548,Jan,Kowalski,122
549,Jan,Kowalski,122
550,Jan,Kowalski,122
551,Jan,Kowalski,122
552,Jan,Kowalski,122
553,Jan,Kowalski,122
554,Jan,Kowalski,122
555,Jan,Kowalski,122
556,Jan,Kowalski,122
557,Jan,Kowalski,122
558,Jan,Kowalski,122
559,Jan,Kowalski,122
560,Jan,Kowalski,122
561,Jan,Kowalski,122
562,Jan,Kowalski,122
563,Jan,Kowalski,122
564,Jan,Kowalski,122
565,Jan,Kowalski,122
566,Jan,Kowalski,122
567,Jan,Kowalski,122
568,Jan,Kowalski,122
569,Jan,Kowalski,122
570,Jan,Kowalski,122
571,Jan,Kowalski,122
572,Jan,Kowalski,122
573,Jan,Kowalski,122
574,Jan,Kowalski,122
575,Jan,Kowalski,122
576,Jan,Kowalski,122
577,Jan,Kowalski,122
578,Jan,Kowalski,122
579,Jan,Kowalski,122
580,Jan,Kowalski,122
581,Jan,Kowalski,122
582,Jan,Kowalski,122
583,Jan,Kowalski,122
584,Jan,Kowalski,122
585,Jan,Kowalski,122
586,Jan,Kowalski,122
587,Jan,Kowalski,122
588,Jan,Kowalski,122
589,Jan,Kowalski,122
590,Jan,Kowalski,122
591,Jan,Kowalski,122
592,Jan,Kowalski,122
593,Jan,Kowalski,122
594,Jan,Kowalski,122
595,Jan,Kowalski,122
596,Jan,Kowalski,122
597,Jan,Kowalski,122
598,Jan,Kowalski,122
599,Jan,Kowalski,122
600,Jan,Kowalski,122
601,Jan,Kowalski,122
602,Jan,Kowalski,122
603,Jan,Kowalski,122
604,Jan,Kowalski,122
605,Jan,Kowalski,122
606,Jan,Kowalski,122
607,Jan,Kowalski,122
608,Jan,Kowalski,122
609,Jan,Kowalski,122
610,Jan,Kowalski,122
611,Jan,Kowalski,122
612,Jan,Kowalski,122
613,Jan,Kowalski,122
614,Jan,Kowalski,122
615,Jan,Kowalski,122
616,Jan,Kowalski,122
617,Jan,Kowalski,122
618,Jan,Kowalski,122
619,Jan,Kowalski,122
620,Jan,Kowalski,122
621,Jan,Kowalski,122
622,Jan,Kowalski,122
623,Jan,Kowalski,122
624,Jan,Kowalski,122
625,Jan,Kowalski,122
626,Jan,Kowalski,122
627,Jan,Kowalski,122
628,Jan,Kowalski,122
629,Jan,Kowalski,122
630,Jan,Kowalski,122
631,Jan,Kowalski,122
632,Jan,Kowalski,122
633,Jan,Kowalski,122
634,Jan,Kowalski,122
635,Jan,Kowalski,122
636,Jan,Kowalski,122
637,Jan,Kowalski,122
638,Jan,Kowalski,122
639,Jan,Kowalski,122
640,Jan,Kowalski,122
641,Jan,Kowalski,122
642,Jan,Kowalski,122
643,Jan,Kowalski,122
644,Jan,Kowalski,122
645,Jan,Kowalski,122
646,Jan,Kowalski,122
647,Jan,Kowalski,122
648,Jan,Kowalski,122
649,Jan,Kowalski,122
650,Jan,Kowalski,122
651,Jan,Kowalski,122
652,Jan,Kowalski,122
653,Jan,Kowalski,122
654,Jan,Kowalski,122
655,Jan,Kowalski,122
656,Jan,Kowalski,122
657,Jan,Kowalski,122
658,Jan,Kowalski,122
659,Jan,Kowalski,122
660,Jan,Kowalski,122
661,Jan,Kowalski,122
662,Jan,Kowalski,122
663,Jan,Kowalski,122
664,Jan,Kowalski,122
665,Jan,Kowalski,122
666,Jan,Kowalski,122
667,Jan,Kowalski,122
668,Jan,Kowalski,122
669,Jan,Kowalski,122
670,Jan,Kowalski,122
671,Jan,Kowalski,122
672,Jan,Kowalski,122
673,Jan,Kowalski,122
674,Jan,Kowalski,122
675,Jan,Kowalski,122
676,Jan,Kowalski,122
677,Jan,Kowalski,122
678,Jan,Kowalski,122
679,Jan,Kowalski,122
680,Jan,Kowalski,122
681,Jan,Kowalski,122
682,Jan,Kowalski,122
683,Jan,Kowalski,122
684,Jan,Kowalski,122
685,Jan,Kowalski,122
686,Jan,Kowalski,122
687,Jan,Kowalski,122
688,Jan,Kowalski,122
689,Jan,Kowalski,122
690,Jan,Kowalski,122
691,Jan,Kowalski,122
692,Jan,Kowalski,122
693,Jan,Kowalski,122
694,Jan,Kowalski,122
695,Jan,Kowalski,122
696,Jan,Kowalski,122
697,Jan,Kowalski,122
698,Jan,Kowalski,122
699,Jan,Kowalski,122
700,Jan,Kowalski,122
701,Jan,Kowalski,122
702,Jan,Kowalski,122
703,Jan,Kowalski,122
704,Jan,Kowalski,122
705,Jan,Kowalski,122
706,Jan,Kowalski,122
707,Jan,Kowalski,122
708,Jan,Kowalski,122
709,Jan,Kowalski,122
710,Jan,Kowalski,122
711,Jan,Kowalski,122
712,Jan,Kowalski,122
713,Jan,Kowalski,122
714,Jan,Kowalski,122
715,Jan,Kowalski,122
716,Jan,Kowalski,122
717,Jan,Kowalski,122
718,Jan,Kowalski,122
719,Jan,Kowalski,122
720,Jan,Kowalski,122
721,Jan,Kowalski,122
722,Jan,Kowalski,122
723,Jan,Kowalski,122
724,Jan,Kowalski,122
725,Jan,Kowalski,122
726,Jan,Kowalski,122
727,Jan,Kowalski,122
728,Jan,Kowalski,122
729,Jan,Kowalski,122
730,Jan,Kowalski,122
731,Jan,Kowalski,122
732,Jan,Kowalski,122
733,Jan,Kowalski,122
734,Jan,Kowalski,122
735,Jan,Kowalski,122
736,Jan,Kowalski,122
737,Jan,Kowalski,122
738,Jan,Kowalski,122
739,Jan,Kowalski,122
740,Jan,Kowalski,122
741,Jan,Kowalski,122
742,Jan,Kowalski,122
743,Jan,Kowalski,122
744,Jan,Kowalski,122
745,Jan,Kowalski,122
746,Jan,Kowalski,122
747,Jan,Kowalski,122
748,Jan,Kowalski,122
749,Jan,Kowalski,122
750,Jan,Kowalski,122
751,Jan,Kowalski,122
752,Jan,Kowalski,122
753,Jan,Kowalski,122
754,Jan,Kowalski,122
755,Jan,Kowalski,122
756,Jan,Kowalski,122
757,Jan,Kowalski,122
758,Jan,Kowalski,122
759,Jan,Kowalski,122
760,Jan,Kowalski,122
761,Jan,Kowalski,122
762,Jan,Kowalski,122
763,Jan,Kowalski,122
764,Jan,Kowalski,122
765,Jan,Kowalski,122
766,Jan,Kowalski,122
767,Jan,Kowalski,122
768,Jan,Kowalski,122
769,Jan,Kowalski,122
770,Jan,Kowalski,122
771,Jan,Kowalski,122
772,Jan,Kowalski,122
773,Jan,Kowalski,122
774,Jan,Kowalski,122
775,Jan,Kowalski,122
776,Jan,Kowalski,122
777,Jan,Kowalski,122
778,Jan,Kowalski,122
779,Jan,Kowalski,122
780,Jan,Kowalski,122
781,Jan,Kowalski,122
782,Jan,Kowalski,122
783,Jan,Kowalski,122
784,Jan,Kowalski,122
785,Jan,Kowalski,122
786,Jan,Kowalski,122
787,Jan,Kowalski,122
788,Jan,Kowalski,122
789,Jan,Kowalski,122
790,Jan,Kowalski,122
791,Jan,Kowalski,122
792,Jan,Kowalski,122
793,Jan,Kowalski,122
794,Jan,Kowalski,122
795,Jan,Kowalski,122
796,Jan,Kowalski,122
797,Jan,Kowalski,122
798,Jan,Kowalski,122
799,Jan,Kowalski,122
800,Jan,Kowalski,122
801,Jan,Kowalski,122
802,Jan,Kowalski,122
803,Jan,Kowalski,122
804,Jan,Kowalski,122
805,Jan,Kowalski,122
806,Jan,Kowalski,122
807,Jan,Kowalski,122
808,Jan,Kowalski,122
809,Jan,Kowalski,122
810,Jan,Kowalski,122
811,Jan,Kowalski,122
812,Jan,Kowalski,122
813,Jan,Kowalski,122
814,Jan,Kowalski,122
815,Jan,Kowalski,122
816,Jan,Kowalski,122
817,Jan,Kowalski,122
818,Jan,Kowalski,122
819,Jan,Kowalski,122
820,Jan,Kowalski,122
821,Jan,Kowalski,122
822,Jan,Kowalski,122
823,Jan,Kowalski,122
824,Jan,Kowalski,122
825,Jan,Kowalski,122
826,Jan,Kowalski,122
827,Jan,Kowalski,122
828,Jan,Kowalski,122
829,Jan,Kowalski,122
830,Jan,Kowalski,122
831,Jan,Kowalski,122
832,Jan,Kowalski,122
833,Jan,Kowalski,122
834,Jan,Kowalski,122
835,Jan,Kowalski,122
836,Jan,Kowalski,122
837,Jan,Kowalski,122
838,Jan,Kowalski,122
839,Jan,Kowalski,122
840,Jan,Kowalski,122
841,Jan,Kowalski,122
842,Jan,Kowalski,122
843,Jan,Kowalski,122
844,Jan,Kowalski,122
845,Jan,Kowalski,122
846,Jan,Kowalski,122
847,Jan,Kowalski,122
848,Jan,Kowalski,122
849,Jan,Kowalski,122
850,Jan,Kowalski,122
851,Jan,Kowalski,122
852,Jan,Kowalski,122
853,Jan,Kowalski,122
854,Jan,Kowalski,122
855,Jan,Kowalski,122
856,Jan,Kowalski,122
857,Jan,Kowalski,122
858,Jan,Kowalski,122
859,Jan,Kowalski,122
860,Jan,Kowalski,122
861,Jan,Kowalski,122
862,Jan,Kowalski,122
863,Jan,Kowalski,122
864,Jan,Kowalski,122
865,Jan,Kowalski,122
866,Jan,Kowalski,122
867,Jan,Kowalski,122
868,Jan,Kowalski,122
869,Jan,Kowalski,122
870,Jan,Kowalski,122
871,Jan,Kowalski,122
872,Jan,Kowalski,122
873,Jan,Kowalski,122
874,Jan,Kowalski,122
875,Jan,Kowalski,122
876,Jan,Kowalski,122
877,Jan,Kowalski,122
878,Jan,Kowalski,122
879,Jan,Kowalski,122
880,Jan,Kowalski,121
881,Jan,Kowalski,120
882,Jan,Kowalski,119
883,Jan,Kowalski,118
884,Jan,Kowalski,117
885,Jan,Kowalski,116
886,Jan,Kowalski,115
887,Jan,Kowalski,114
888,Jan,Kowalski,113
889,Jan,Kowalski,112
890,Jan,Kowalski,111
891,Jan,Kowalski,110
892,Jan,Kowalski,109
893,Jan,Kowalski,108
894,Jan,Kowalski,107
895,Jan,Kowalski,106
896,Jan,Kowalski,105
897,Jan,Kowalski,104
898,Jan,Kowalski,103
899,Jan,Kowalski,102
900,Jan,Kowalski,101
901,Jan,Kowalski,100
902,Jan,Kowalski,99
903,Jan,Kowalski,98
904,Jan,Kowalski,97
905,Jan,Kowalski,96
906,Jan,Kowalski,95
907,Jan,Kowalski,94
908,Jan,Kowalski,93
909,Jan,Kowalski,92
910,Jan,Kowalski,91
911,Jan,Kowalski,90
912,Jan,Kowalski,89
913,Jan,Kowalski,88
914,Jan,Kowalski,87
915,Jan,Kowalski,86
916,Jan,Kowalski,85
917,Jan,Kowalski,84
918,Jan,Kowalski,83
919,Jan,Kowalski,82
920,Jan,Kowalski,81
921,Jan,Kowalski,80
922,Jan,Kowalski,79
923,Jan,Kowalski,78
924,Jan,Kowalski,77
925,Jan,Kowalski,76
926,Jan,Kowalski,75
927,Jan,Kowalski,74
928,Jan,Kowalski,73
929,Jan,Kowalski,72
930,Jan,Kowalski,71
931,Jan,Kowalski,70
932,Jan,Kowalski,69
933,Jan,Kowalski,68
934,Jan,Kowalski,67
935,Jan,Kowalski,66
936,Jan,Kowalski,65
937,Jan,Kowalski,64
938,Jan,Kowalski,63
939,Jan,Kowalski,62
940,Jan,Kowalski,61
941,Jan,Kowalski,60
942,Jan,Kowalski,59
943,Jan,Kowalski,58
944,Jan,Kowalski,57
945,Jan,Kowalski,56
946,Jan,Kowalski,55
947,Jan,Kowalski,54
948,Jan,Kowalski,53
949,Jan,Kowalski,52
950,Jan,Kowalski,51
951,Jan,Kowalski,50
952,Jan,Kowalski,49
953,Jan,Kowalski,48
954,Jan,Kowalski,47
955,Jan,Kowalski,46
956,Jan,Kowalski,45
957,Jan,Kowalski,44
958,Jan,Kowalski,43
959,Jan,Kowalski,42
960,Jan,Kowalski,41
961,Jan,Kowalski,40
962,Jan,Kowalski,39
963,Jan,Kowalski,38
964,Jan,Kowalski,37
965,Jan,Kowalski,36
966,Jan,Kowalski,35
967,Jan,Kowalski,34
968,Jan,Kowalski,33
969,Jan,Kowalski,32
970,Jan,Kowalski,31
971,Jan,Kowalski,30
972,Jan,Kowalski,29
973,Jan,Kowalski,28
974,Jan,Kowalski,27
975,Jan,Kowalski,26
976,Jan,Kowalski,25
977,Jan,Kowalski,24
978,Jan,Kowalski,23
979,Jan,Kowalski,22
980,Jan,Kowalski,21
981,Jan,Kowalski,20
982,Jan,Kowalski,19
983,Jan,Kowalski,18
984,Jan,Kowalski,17
985,Jan,Kowalski,16
986,Jan,Kowalski,15
987,Jan,Kowalski,14
988,Jan,Kowalski,13
989,Jan,Kowalski,12
990,Jan,Kowalski,11
991,Jan,Kowalski,10
992,Jan,Kowalski,9
993,Jan,Kowalski,8
994,Jan,Kowalski,7
995,Jan,Kowalski,6
996,Jan,Kowalski,5
997,Jan,Kowalski,4
998,Jan,Kowalski,3
999,Jan,Kowalski,2
1000,Jan,Kowalski,1
