1,Jan,Kowalski,01-01-1021
2,Jan,Kowalski,01-01-1022
3,Jan,Kowalski,01-01-1023
4,Jan,Kowalski,01-01-1024
5,Jan,Kowalski,01-01-1025
6,Jan,Kowalski,01-01-1026
7,Jan,Kowalski,01-01-1027
8,Jan,Kowalski,01-01-1028
9,Jan,Kowalski,01-01-1029
10,Jan,Kowalski,01-01-1030
11,Jan,Kowalski,30-12-1899
12,Jan,Kowalski,30-12-1899
13,Jan,Kowalski,30-12-1899
14,Jan,Kowalski,30-12-1899
15,Jan,Kowalski,30-12-1899
16,Jan,Kowalski,30-12-1899
17,Jan,Kowalski,30-12-1899
18,Jan,Kowalski,30-12-1899
19,Jan,Kowalski,30-12-1899
20,Jan,Kowalski,30-12-1899
21,Jan,Kowalski,30-12-1899
22,Jan,Kowalski,30-12-1899
23,Jan,Kowalski,30-12-1899
24,Jan,Kowalski,30-12-1899
25,Jan,Kowalski,30-12-1899
26,Jan,Kowalski,30-12-1899
27,Jan,Kowalski,30-12-1899
28,Jan,Kowalski,30-12-1899
29,Jan,Kowalski,30-12-1899
30,Jan,Kowalski,30-12-1899
31,Jan,Kowalski,30-12-1899
32,Jan,Kowalski,30-12-1899
33,Jan,Kowalski,30-12-1899
34,Jan,Kowalski,30-12-1899
35,Jan,Kowalski,30-12-1899
36,Jan,Kowalski,30-12-1899
37,Jan,Kowalski,30-12-1899
38,Jan,Kowalski,30-12-1899
39,Jan,Kowalski,30-12-1899
40,Jan,Kowalski,30-12-1899
41,Jan,Kowalski,30-12-1899
42,Jan,Kowalski,30-12-1899
43,Jan,Kowalski,30-12-1899
44,Jan,Kowalski,30-12-1899
45,Jan,Kowalski,30-12-1899
46,Jan,Kowalski,30-12-1899
47,Jan,Kowalski,30-12-1899
48,Jan,Kowalski,30-12-1899
49,Jan,Kowalski,30-12-1899
50,Jan,Kowalski,30-12-1899
51,Jan,Kowalski,30-12-1899
52,Jan,Kowalski,30-12-1899
53,Jan,Kowalski,30-12-1899
54,Jan,Kowalski,30-12-1899
55,Jan,Kowalski,30-12-1899
56,Jan,Kowalski,30-12-1899
57,Jan,Kowalski,30-12-1899
58,Jan,Kowalski,30-12-1899
59,Jan,Kowalski,30-12-1899
60,Jan,Kowalski,30-12-1899
61,Jan,Kowalski,30-12-1899
62,Jan,Kowalski,30-12-1899
63,Jan,Kowalski,30-12-1899
64,Jan,Kowalski,30-12-1899
65,Jan,Kowalski,30-12-1899
66,Jan,Kowalski,30-12-1899
67,Jan,Kowalski,30-12-1899
68,Jan,Kowalski,30-12-1899
69,Jan,Kowalski,30-12-1899
70,Jan,Kowalski,30-12-1899
71,Jan,Kowalski,30-12-1899
72,Jan,Kowalski,30-12-1899
73,Jan,Kowalski,30-12-1899
74,Jan,Kowalski,30-12-1899
75,Jan,Kowalski,30-12-1899
76,Jan,Kowalski,30-12-1899
77,Jan,Kowalski,30-12-1899
78,Jan,Kowalski,30-12-1899
79,Jan,Kowalski,30-12-1899
80,Jan,Kowalski,30-12-1899
81,Jan,Kowalski,30-12-1899
82,Jan,Kowalski,30-12-1899
83,Jan,Kowalski,30-12-1899
84,Jan,Kowalski,30-12-1899
85,Jan,Kowalski,30-12-1899
86,Jan,Kowalski,30-12-1899
87,Jan,Kowalski,30-12-1899
88,Jan,Kowalski,30-12-1899
89,Jan,Kowalski,30-12-1899
90,Jan,Kowalski,30-12-1899
91,Jan,Kowalski,30-12-1899
92,Jan,Kowalski,30-12-1899
93,Jan,Kowalski,30-12-1899
94,Jan,Kowalski,30-12-1899
95,Jan,Kowalski,30-12-1899
96,Jan,Kowalski,30-12-1899
97,Jan,Kowalski,30-12-1899
98,Jan,Kowalski,30-12-1899
99,Jan,Kowalski,30-12-1899
100,Jan,Kowalski,30-12-1899
101,Jan,Kowalski,30-12-1899
102,Jan,Kowalski,30-12-1899
103,Jan,Kowalski,30-12-1899
104,Jan,Kowalski,30-12-1899
105,Jan,Kowalski,30-12-1899
106,Jan,Kowalski,30-12-1899
107,Jan,Kowalski,30-12-1899
108,Jan,Kowalski,30-12-1899
109,Jan,Kowalski,30-12-1899
110,Jan,Kowalski,30-12-1899
111,Jan,Kowalski,30-12-1899
112,Jan,Kowalski,30-12-1899
113,Jan,Kowalski,30-12-1899
114,Jan,Kowalski,30-12-1899
115,Jan,Kowalski,30-12-1899
116,Jan,Kowalski,30-12-1899
117,Jan,Kowalski,30-12-1899
118,Jan,Kowalski,30-12-1899
119,Jan,Kowalski,30-12-1899
120,Jan,Kowalski,30-12-1899
121,Jan,Kowalski,30-12-1899
122,Jan,Kowalski,30-12-1899
123,Jan,Kowalski,30-12-1899
124,Jan,Kowalski,30-12-1899
125,Jan,Kowalski,30-12-1899
126,Jan,Kowalski,30-12-1899
127,Jan,Kowalski,30-12-1899
128,Jan,Kowalski,30-12-1899
129,Jan,Kowalski,30-12-1899
130,Jan,Kowalski,30-12-1899
131,Jan,Kowalski,30-12-1899
132,Jan,Kowalski,30-12-1899
133,Jan,Kowalski,30-12-1899
134,Jan,Kowalski,30-12-1899
135,Jan,Kowalski,30-12-1899
136,Jan,Kowalski,30-12-1899
137,Jan,Kowalski,30-12-1899
138,Jan,Kowalski,30-12-1899
139,Jan,Kowalski,30-12-1899
140,Jan,Kowalski,30-12-1899
141,Jan,Kowalski,30-12-1899
142,Jan,Kowalski,30-12-1899
143,Jan,Kowalski,30-12-1899
144,Jan,Kowalski,30-12-1899
145,Jan,Kowalski,30-12-1899
146,Jan,Kowalski,30-12-1899
147,Jan,Kowalski,30-12-1899
148,Jan,Kowalski,30-12-1899
149,Jan,Kowalski,30-12-1899
150,Jan,Kowalski,30-12-1899
151,Jan,Kowalski,30-12-1899
152,Jan,Kowalski,30-12-1899
153,Jan,Kowalski,30-12-1899
154,Jan,Kowalski,30-12-1899
155,Jan,Kowalski,30-12-1899
156,Jan,Kowalski,30-12-1899
157,Jan,Kowalski,30-12-1899
158,Jan,Kowalski,30-12-1899
159,Jan,Kowalski,30-12-1899
160,Jan,Kowalski,30-12-1899
161,Jan,Kowalski,30-12-1899
162,Jan,Kowalski,30-12-1899
163,Jan,Kowalski,30-12-1899
164,Jan,Kowalski,30-12-1899
165,Jan,Kowalski,30-12-1899
166,Jan,Kowalski,30-12-1899
167,Jan,Kowalski,30-12-1899
168,Jan,Kowalski,30-12-1899
169,Jan,Kowalski,30-12-1899
170,Jan,Kowalski,30-12-1899
171,Jan,Kowalski,30-12-1899
172,Jan,Kowalski,30-12-1899
173,Jan,Kowalski,30-12-1899
174,Jan,Kowalski,30-12-1899
175,Jan,Kowalski,30-12-1899
176,Jan,Kowalski,30-12-1899
177,Jan,Kowalski,30-12-1899
178,Jan,Kowalski,30-12-1899
179,Jan,Kowalski,30-12-1899
180,Jan,Kowalski,30-12-1899
181,Jan,Kowalski,30-12-1899
182,Jan,Kowalski,30-12-1899
183,Jan,Kowalski,30-12-1899
184,Jan,Kowalski,30-12-1899
185,Jan,Kowalski,30-12-1899
186,Jan,Kowalski,30-12-1899
187,Jan,Kowalski,30-12-1899
188,Jan,Kowalski,30-12-1899
189,Jan,Kowalski,30-12-1899
190,Jan,Kowalski,30-12-1899
191,Jan,Kowalski,30-12-1899
192,Jan,Kowalski,30-12-1899
193,Jan,Kowalski,30-12-1899
194,Jan,Kowalski,30-12-1899
195,Jan,Kowalski,30-12-1899
196,Jan,Kowalski,30-12-1899
197,Jan,Kowalski,30-12-1899
198,Jan,Kowalski,30-12-1899
199,Jan,Kowalski,30-12-1899
200,Jan,Kowalski,30-12-1899
201,Jan,Kowalski,30-12-1899
202,Jan,Kowalski,30-12-1899
203,Jan,Kowalski,30-12-1899
204,Jan,Kowalski,30-12-1899
205,Jan,Kowalski,30-12-1899
206,Jan,Kowalski,30-12-1899
207,Jan,Kowalski,30-12-1899
208,Jan,Kowalski,30-12-1899
209,Jan,Kowalski,30-12-1899
210,Jan,Kowalski,30-12-1899
211,Jan,Kowalski,30-12-1899
212,Jan,Kowalski,30-12-1899
213,Jan,Kowalski,30-12-1899
214,Jan,Kowalski,30-12-1899
215,Jan,Kowalski,30-12-1899
216,Jan,Kowalski,30-12-1899
217,Jan,Kowalski,30-12-1899
218,Jan,Kowalski,30-12-1899
219,Jan,Kowalski,30-12-1899
220,Jan,Kowalski,30-12-1899
221,Jan,Kowalski,30-12-1899
222,Jan,Kowalski,30-12-1899
223,Jan,Kowalski,30-12-1899
224,Jan,Kowalski,30-12-1899
225,Jan,Kowalski,30-12-1899
226,Jan,Kowalski,30-12-1899
227,Jan,Kowalski,30-12-1899
228,Jan,Kowalski,30-12-1899
229,Jan,Kowalski,30-12-1899
230,Jan,Kowalski,30-12-1899
231,Jan,Kowalski,30-12-1899
232,Jan,Kowalski,30-12-1899
233,Jan,Kowalski,30-12-1899
234,Jan,Kowalski,30-12-1899
235,Jan,Kowalski,30-12-1899
236,Jan,Kowalski,30-12-1899
237,Jan,Kowalski,30-12-1899
238,Jan,Kowalski,30-12-1899
239,Jan,Kowalski,30-12-1899
240,Jan,Kowalski,30-12-1899
241,Jan,Kowalski,30-12-1899
242,Jan,Kowalski,30-12-1899
243,Jan,Kowalski,30-12-1899
244,Jan,Kowalski,30-12-1899
245,Jan,Kowalski,30-12-1899
246,Jan,Kowalski,30-12-1899
247,Jan,Kowalski,30-12-1899
248,Jan,Kowalski,30-12-1899
249,Jan,Kowalski,30-12-1899
250,Jan,Kowalski,30-12-1899
251,Jan,Kowalski,30-12-1899
252,Jan,Kowalski,30-12-1899
253,Jan,Kowalski,30-12-1899
254,Jan,Kowalski,30-12-1899
255,Jan,Kowalski,30-12-1899
256,Jan,Kowalski,30-12-1899
257,Jan,Kowalski,30-12-1899
258,Jan,Kowalski,30-12-1899
259,Jan,Kowalski,30-12-1899
260,Jan,Kowalski,30-12-1899
261,Jan,Kowalski,30-12-1899
262,Jan,Kowalski,30-12-1899
263,Jan,Kowalski,30-12-1899
264,Jan,Kowalski,30-12-1899
265,Jan,Kowalski,30-12-1899
266,Jan,Kowalski,30-12-1899
267,Jan,Kowalski,30-12-1899
268,Jan,Kowalski,30-12-1899
269,Jan,Kowalski,30-12-1899
270,Jan,Kowalski,30-12-1899
271,Jan,Kowalski,30-12-1899
272,Jan,Kowalski,30-12-1899
273,Jan,Kowalski,30-12-1899
274,Jan,Kowalski,30-12-1899
275,Jan,Kowalski,30-12-1899
276,Jan,Kowalski,30-12-1899
277,Jan,Kowalski,30-12-1899
278,Jan,Kowalski,30-12-1899
279,Jan,Kowalski,30-12-1899
280,Jan,Kowalski,30-12-1899
281,Jan,Kowalski,30-12-1899
282,Jan,Kowalski,30-12-1899
283,Jan,Kowalski,30-12-1899
284,Jan,Kowalski,30-12-1899
285,Jan,Kowalski,30-12-1899
286,Jan,Kowalski,30-12-1899
287,Jan,Kowalski,30-12-1899
288,Jan,Kowalski,30-12-1899
289,Jan,Kowalski,30-12-1899
290,Jan,Kowalski,30-12-1899
291,Jan,Kowalski,30-12-1899
292,Jan,Kowalski,30-12-1899
293,Jan,Kowalski,30-12-1899
294,Jan,Kowalski,30-12-1899
295,Jan,Kowalski,30-12-1899
296,Jan,Kowalski,30-12-1899
297,Jan,Kowalski,30-12-1899
298,Jan,Kowalski,30-12-1899
299,Jan,Kowalski,30-12-1899
300,Jan,Kowalski,30-12-1899
301,Jan,Kowalski,30-12-1899
302,Jan,Kowalski,30-12-1899
303,Jan,Kowalski,30-12-1899
304,Jan,Kowalski,30-12-1899
305,Jan,Kowalski,30-12-1899
306,Jan,Kowalski,30-12-1899
307,Jan,Kowalski,30-12-1899
308,Jan,Kowalski,30-12-1899
309,Jan,Kowalski,30-12-1899
310,Jan,Kowalski,30-12-1899
311,Jan,Kowalski,30-12-1899
312,Jan,Kowalski,30-12-1899
313,Jan,Kowalski,30-12-1899
314,Jan,Kowalski,30-12-1899
315,Jan,Kowalski,30-12-1899
316,Jan,Kowalski,30-12-1899
317,Jan,Kowalski,30-12-1899
318,Jan,Kowalski,30-12-1899
319,Jan,Kowalski,30-12-1899
320,Jan,Kowalski,30-12-1899
321,Jan,Kowalski,30-12-1899
322,Jan,Kowalski,30-12-1899
323,Jan,Kowalski,30-12-1899
324,Jan,Kowalski,30-12-1899
325,Jan,Kowalski,30-12-1899
326,Jan,Kowalski,30-12-1899
327,Jan,Kowalski,30-12-1899
328,Jan,Kowalski,30-12-1899
329,Jan,Kowalski,30-12-1899
330,Jan,Kowalski,30-12-1899
331,Jan,Kowalski,30-12-1899
332,Jan,Kowalski,30-12-1899
333,Jan,Kowalski,30-12-1899
334,Jan,Kowalski,30-12-1899
335,Jan,Kowalski,30-12-1899
336,Jan,Kowalski,30-12-1899
337,Jan,Kowalski,30-12-1899
338,Jan,Kowalski,30-12-1899
339,Jan,Kowalski,30-12-1899
340,Jan,Kowalski,30-12-1899
341,Jan,Kowalski,30-12-1899
342,Jan,Kowalski,30-12-1899
343,Jan,Kowalski,30-12-1899
344,Jan,Kowalski,30-12-1899
345,Jan,Kowalski,30-12-1899
346,Jan,Kowalski,30-12-1899
347,Jan,Kowalski,30-12-1899
348,Jan,Kowalski,30-12-1899
349,Jan,Kowalski,30-12-1899
350,Jan,Kowalski,30-12-1899
351,Jan,Kowalski,30-12-1899
352,Jan,Kowalski,30-12-1899
353,Jan,Kowalski,30-12-1899
354,Jan,Kowalski,30-12-1899
355,Jan,Kowalski,30-12-1899
356,Jan,Kowalski,30-12-1899
357,Jan,Kowalski,30-12-1899
358,Jan,Kowalski,30-12-1899
359,Jan,Kowalski,30-12-1899
360,Jan,Kowalski,30-12-1899
361,Jan,Kowalski,30-12-1899
362,Jan,Kowalski,30-12-1899
363,Jan,Kowalski,30-12-1899
364,Jan,Kowalski,30-12-1899
365,Jan,Kowalski,30-12-1899
366,Jan,Kowalski,30-12-1899
367,Jan,Kowalski,30-12-1899
368,Jan,Kowalski,30-12-1899
369,Jan,Kowalski,30-12-1899
370,Jan,Kowalski,30-12-1899
371,Jan,Kowalski,30-12-1899
372,Jan,Kowalski,30-12-1899
373,Jan,Kowalski,30-12-1899
374,Jan,Kowalski,30-12-1899
375,Jan,Kowalski,30-12-1899
376,Jan,Kowalski,30-12-1899
377,Jan,Kowalski,30-12-1899
378,Jan,Kowalski,30-12-1899
379,Jan,Kowalski,30-12-1899
380,Jan,Kowalski,30-12-1899
381,Jan,Kowalski,30-12-1899
382,Jan,Kowalski,30-12-1899
383,Jan,Kowalski,30-12-1899
384,Jan,Kowalski,30-12-1899
385,Jan,Kowalski,30-12-1899
386,Jan,Kowalski,30-12-1899
387,Jan,Kowalski,30-12-1899
388,Jan,Kowalski,30-12-1899
389,Jan,Kowalski,30-12-1899
390,Jan,Kowalski,30-12-1899
391,Jan,Kowalski,30-12-1899
392,Jan,Kowalski,30-12-1899
393,Jan,Kowalski,30-12-1899
394,Jan,Kowalski,30-12-1899
395,Jan,Kowalski,30-12-1899
396,Jan,Kowalski,30-12-1899
397,Jan,Kowalski,30-12-1899
398,Jan,Kowalski,30-12-1899
399,Jan,Kowalski,30-12-1899
400,Jan,Kowalski,30-12-1899
401,Jan,Kowalski,30-12-1899
402,Jan,Kowalski,30-12-1899
403,Jan,Kowalski,30-12-1899
404,Jan,Kowalski,30-12-1899
405,Jan,Kowalski,30-12-1899
406,Jan,Kowalski,30-12-1899
407,Jan,Kowalski,30-12-1899
408,Jan,Kowalski,30-12-1899
409,Jan,Kowalski,30-12-1899
410,Jan,Kowalski,30-12-1899
411,Jan,Kowalski,30-12-1899
412,Jan,Kowalski,30-12-1899
413,Jan,Kowalski,30-12-1899
414,Jan,Kowalski,30-12-1899
415,Jan,Kowalski,30-12-1899
416,Jan,Kowalski,30-12-1899
417,Jan,Kowalski,30-12-1899
418,Jan,Kowalski,30-12-1899
419,Jan,Kowalski,30-12-1899
420,Jan,Kowalski,30-12-1899
421,Jan,Kowalski,30-12-1899
422,Jan,Kowalski,30-12-1899
423,Jan,Kowalski,30-12-1899
424,Jan,Kowalski,30-12-1899
425,Jan,Kowalski,30-12-1899
426,Jan,Kowalski,30-12-1899
427,Jan,Kowalski,30-12-1899
428,Jan,Kowalski,30-12-1899
429,Jan,Kowalski,30-12-1899
430,Jan,Kowalski,30-12-1899
431,Jan,Kowalski,30-12-1899
432,Jan,Kowalski,30-12-1899
433,Jan,Kowalski,30-12-1899
434,Jan,Kowalski,30-12-1899
435,Jan,Kowalski,30-12-1899
436,Jan,Kowalski,30-12-1899
437,Jan,Kowalski,30-12-1899
438,Jan,Kowalski,30-12-1899
439,Jan,Kowalski,30-12-1899
440,Jan,Kowalski,30-12-1899
441,Jan,Kowalski,30-12-1899
442,Jan,Kowalski,30-12-1899
443,Jan,Kowalski,30-12-1899
444,Jan,Kowalski,30-12-1899
445,Jan,Kowalski,30-12-1899
446,Jan,Kowalski,30-12-1899
447,Jan,Kowalski,30-12-1899
448,Jan,Kowalski,30-12-1899
449,Jan,Kowalski,30-12-1899
450,Jan,Kowalski,30-12-1899
451,Jan,Kowalski,30-12-1899
452,Jan,Kowalski,30-12-1899
453,Jan,Kowalski,30-12-1899
454,Jan,Kowalski,30-12-1899
455,Jan,Kowalski,30-12-1899
456,Jan,Kowalski,30-12-1899
457,Jan,Kowalski,30-12-1899
458,Jan,Kowalski,30-12-1899
459,Jan,Kowalski,30-12-1899
460,Jan,Kowalski,30-12-1899
461,Jan,Kowalski,30-12-1899
462,Jan,Kowalski,30-12-1899
463,Jan,Kowalski,30-12-1899
464,Jan,Kowalski,30-12-1899
465,Jan,Kowalski,30-12-1899
466,Jan,Kowalski,30-12-1899
467,Jan,Kowalski,30-12-1899
468,Jan,Kowalski,30-12-1899
469,Jan,Kowalski,30-12-1899
470,Jan,Kowalski,30-12-1899
471,Jan,Kowalski,30-12-1899
472,Jan,Kowalski,30-12-1899
473,Jan,Kowalski,30-12-1899
474,Jan,Kowalski,30-12-1899
475,Jan,Kowalski,30-12-1899
476,Jan,Kowalski,30-12-1899
477,Jan,Kowalski,30-12-1899
478,Jan,Kowalski,30-12-1899
479,Jan,Kowalski,30-12-1899
480,Jan,Kowalski,30-12-1899
481,Jan,Kowalski,30-12-1899
482,Jan,Kowalski,30-12-1899
483,Jan,Kowalski,30-12-1899
484,Jan,Kowalski,30-12-1899
485,Jan,Kowalski,30-12-1899
486,Jan,Kowalski,30-12-1899
487,Jan,Kowalski,30-12-1899
488,Jan,Kowalski,30-12-1899
489,Jan,Kowalski,30-12-1899
490,Jan,Kowalski,30-12-1899
491,Jan,Kowalski,30-12-1899
492,Jan,Kowalski,30-12-1899
493,Jan,Kowalski,30-12-1899
494,Jan,Kowalski,30-12-1899
495,Jan,Kowalski,30-12-1899
496,Jan,Kowalski,30-12-1899
497,Jan,Kowalski,30-12-1899
498,Jan,Kowalski,30-12-1899
499,Jan,Kowalski,30-12-1899
500,Jan,Kowalski,30-12-1899
501,Jan,Kowalski,30-12-1899
502,Jan,Kowalski,30-12-1899
503,Jan,Kowalski,30-12-1899
504,Jan,Kowalski,30-12-1899
505,Jan,Kowalski,30-12-1899
506,Jan,Kowalski,30-12-1899
507,Jan,Kowalski,30-12-1899
508,Jan,Kowalski,30-12-1899
509,Jan,Kowalski,30-12-1899
510,Jan,Kowalski,30-12-1899
511,Jan,Kowalski,30-12-1899
512,Jan,Kowalski,30-12-1899
513,Jan,Kowalski,30-12-1899
514,Jan,Kowalski,30-12-1899
515,Jan,Kowalski,30-12-1899
516,Jan,Kowalski,30-12-1899
517,Jan,Kowalski,30-12-1899
518,Jan,Kowalski,30-12-1899
519,Jan,Kowalski,30-12-1899
520,Jan,Kowalski,30-12-1899
521,Jan,Kowalski,30-12-1899
522,Jan,Kowalski,30-12-1899
523,Jan,Kowalski,30-12-1899
524,Jan,Kowalski,30-12-1899
525,Jan,Kowalski,30-12-1899
526,Jan,Kowalski,30-12-1899
527,Jan,Kowalski,30-12-1899
528,Jan,Kowalski,30-12-1899
529,Jan,Kowalski,30-12-1899
530,Jan,Kowalski,30-12-1899
531,Jan,Kowalski,30-12-1899
532,Jan,Kowalski,30-12-1899
533,Jan,Kowalski,30-12-1899
534,Jan,Kowalski,30-12-1899
535,Jan,Kowalski,30-12-1899
536,Jan,Kowalski,30-12-1899
537,Jan,Kowalski,30-12-1899
538,Jan,Kowalski,30-12-1899
539,Jan,Kowalski,30-12-1899
540,Jan,Kowalski,30-12-1899
541,Jan,Kowalski,30-12-1899
542,Jan,Kowalski,30-12-1899
543,Jan,Kowalski,30-12-1899
544,Jan,Kowalski,30-12-1899
545,Jan,Kowalski,30-12-1899
546,Jan,Kowalski,30-12-1899
547,Jan,Kowalski,30-12-1899
548,Jan,Kowalski,30-12-1899
549,Jan,Kowalski,30-12-1899
550,Jan,Kowalski,30-12-1899
551,Jan,Kowalski,30-12-1899
552,Jan,Kowalski,30-12-1899
553,Jan,Kowalski,30-12-1899
554,Jan,Kowalski,30-12-1899
555,Jan,Kowalski,30-12-1899
556,Jan,Kowalski,30-12-1899
557,Jan,Kowalski,30-12-1899
558,Jan,Kowalski,30-12-1899
559,Jan,Kowalski,30-12-1899
560,Jan,Kowalski,30-12-1899
561,Jan,Kowalski,30-12-1899
562,Jan,Kowalski,30-12-1899
563,Jan,Kowalski,30-12-1899
564,Jan,Kowalski,30-12-1899
565,Jan,Kowalski,30-12-1899
566,Jan,Kowalski,30-12-1899
567,Jan,Kowalski,30-12-1899
568,Jan,Kowalski,30-12-1899
569,Jan,Kowalski,30-12-1899
570,Jan,Kowalski,30-12-1899
571,Jan,Kowalski,30-12-1899
572,Jan,Kowalski,30-12-1899
573,Jan,Kowalski,30-12-1899
574,Jan,Kowalski,30-12-1899
575,Jan,Kowalski,30-12-1899
576,Jan,Kowalski,30-12-1899
577,Jan,Kowalski,30-12-1899
578,Jan,Kowalski,30-12-1899
579,Jan,Kowalski,30-12-1899
580,Jan,Kowalski,30-12-1899
581,Jan,Kowalski,30-12-1899
582,Jan,Kowalski,30-12-1899
583,Jan,Kowalski,30-12-1899
584,Jan,Kowalski,30-12-1899
585,Jan,Kowalski,30-12-1899
586,Jan,Kowalski,30-12-1899
587,Jan,Kowalski,30-12-1899
588,Jan,Kowalski,30-12-1899
589,Jan,Kowalski,30-12-1899
590,Jan,Kowalski,30-12-1899
591,Jan,Kowalski,30-12-1899
592,Jan,Kowalski,30-12-1899
593,Jan,Kowalski,30-12-1899
594,Jan,Kowalski,30-12-1899
595,Jan,Kowalski,30-12-1899
596,Jan,Kowalski,30-12-1899
597,Jan,Kowalski,30-12-1899
598,Jan,Kowalski,30-12-1899
599,Jan,Kowalski,30-12-1899
600,Jan,Kowalski,30-12-1899
601,Jan,Kowalski,30-12-1899
602,Jan,Kowalski,30-12-1899
603,Jan,Kowalski,30-12-1899
604,Jan,Kowalski,30-12-1899
605,Jan,Kowalski,30-12-1899
606,Jan,Kowalski,30-12-1899
607,Jan,Kowalski,30-12-1899
608,Jan,Kowalski,30-12-1899
609,Jan,Kowalski,30-12-1899
610,Jan,Kowalski,30-12-1899
611,Jan,Kowalski,30-12-1899
612,Jan,Kowalski,30-12-1899
613,Jan,Kowalski,30-12-1899
614,Jan,Kowalski,30-12-1899
615,Jan,Kowalski,30-12-1899
616,Jan,Kowalski,30-12-1899
617,Jan,Kowalski,30-12-1899
618,Jan,Kowalski,30-12-1899
619,Jan,Kowalski,30-12-1899
620,Jan,Kowalski,30-12-1899
621,Jan,Kowalski,30-12-1899
622,Jan,Kowalski,30-12-1899
623,Jan,Kowalski,30-12-1899
624,Jan,Kowalski,30-12-1899
625,Jan,Kowalski,30-12-1899
626,Jan,Kowalski,30-12-1899
627,Jan,Kowalski,30-12-1899
628,Jan,Kowalski,30-12-1899
629,Jan,Kowalski,30-12-1899
630,Jan,Kowalski,30-12-1899
631,Jan,Kowalski,30-12-1899
632,Jan,Kowalski,30-12-1899
633,Jan,Kowalski,30-12-1899
634,Jan,Kowalski,30-12-1899
635,Jan,Kowalski,30-12-1899
636,Jan,Kowalski,30-12-1899
637,Jan,Kowalski,30-12-1899
638,Jan,Kowalski,30-12-1899
639,Jan,Kowalski,30-12-1899
640,Jan,Kowalski,30-12-1899
641,Jan,Kowalski,30-12-1899
642,Jan,Kowalski,30-12-1899
643,Jan,Kowalski,30-12-1899
644,Jan,Kowalski,30-12-1899
645,Jan,Kowalski,30-12-1899
646,Jan,Kowalski,30-12-1899
647,Jan,Kowalski,30-12-1899
648,Jan,Kowalski,30-12-1899
649,Jan,Kowalski,30-12-1899
650,Jan,Kowalski,30-12-1899
651,Jan,Kowalski,30-12-1899
652,Jan,Kowalski,30-12-1899
653,Jan,Kowalski,30-12-1899
654,Jan,Kowalski,30-12-1899
655,Jan,Kowalski,30-12-1899
656,Jan,Kowalski,30-12-1899
657,Jan,Kowalski,30-12-1899
658,Jan,Kowalski,30-12-1899
659,Jan,Kowalski,30-12-1899
660,Jan,Kowalski,30-12-1899
661,Jan,Kowalski,30-12-1899
662,Jan,Kowalski,30-12-1899
663,Jan,Kowalski,30-12-1899
664,Jan,Kowalski,30-12-1899
665,Jan,Kowalski,30-12-1899
666,Jan,Kowalski,30-12-1899
667,Jan,Kowalski,30-12-1899
668,Jan,Kowalski,30-12-1899
669,Jan,Kowalski,30-12-1899
670,Jan,Kowalski,30-12-1899
671,Jan,Kowalski,30-12-1899
672,Jan,Kowalski,30-12-1899
673,Jan,Kowalski,30-12-1899
674,Jan,Kowalski,30-12-1899
675,Jan,Kowalski,30-12-1899
676,Jan,Kowalski,30-12-1899
677,Jan,Kowalski,30-12-1899
678,Jan,Kowalski,30-12-1899
679,Jan,Kowalski,30-12-1899
680,Jan,Kowalski,30-12-1899
681,Jan,Kowalski,30-12-1899
682,Jan,Kowalski,30-12-1899
683,Jan,Kowalski,30-12-1899
684,Jan,Kowalski,30-12-1899
685,Jan,Kowalski,30-12-1899
686,Jan,Kowalski,30-12-1899
687,Jan,Kowalski,30-12-1899
688,Jan,Kowalski,30-12-1899
689,Jan,Kowalski,30-12-1899
690,Jan,Kowalski,30-12-1899
691,Jan,Kowalski,30-12-1899
692,Jan,Kowalski,30-12-1899
693,Jan,Kowalski,30-12-1899
694,Jan,Kowalski,30-12-1899
695,Jan,Kowalski,30-12-1899
696,Jan,Kowalski,30-12-1899
697,Jan,Kowalski,30-12-1899
698,Jan,Kowalski,30-12-1899
699,Jan,Kowalski,30-12-1899
700,Jan,Kowalski,30-12-1899
701,Jan,Kowalski,30-12-1899
702,Jan,Kowalski,30-12-1899
703,Jan,Kowalski,30-12-1899
704,Jan,Kowalski,30-12-1899
705,Jan,Kowalski,30-12-1899
706,Jan,Kowalski,30-12-1899
707,Jan,Kowalski,30-12-1899
708,Jan,Kowalski,30-12-1899
709,Jan,Kowalski,30-12-1899
710,Jan,Kowalski,30-12-1899
711,Jan,Kowalski,30-12-1899
712,Jan,Kowalski,30-12-1899
713,Jan,Kowalski,30-12-1899
714,Jan,Kowalski,30-12-1899
715,Jan,Kowalski,30-12-1899
716,Jan,Kowalski,30-12-1899
717,Jan,Kowalski,30-12-1899
718,Jan,Kowalski,30-12-1899
719,Jan,Kowalski,30-12-1899
720,Jan,Kowalski,30-12-1899
721,Jan,Kowalski,30-12-1899
722,Jan,Kowalski,30-12-1899
723,Jan,Kowalski,30-12-1899
724,Jan,Kowalski,30-12-1899
725,Jan,Kowalski,30-12-1899
726,Jan,Kowalski,30-12-1899
727,Jan,Kowalski,30-12-1899
728,Jan,Kowalski,30-12-1899
729,Jan,Kowalski,30-12-1899
730,Jan,Kowalski,30-12-1899
731,Jan,Kowalski,30-12-1899
732,Jan,Kowalski,30-12-1899
733,Jan,Kowalski,30-12-1899
734,Jan,Kowalski,30-12-1899
735,Jan,Kowalski,30-12-1899
736,Jan,Kowalski,30-12-1899
737,Jan,Kowalski,30-12-1899
738,Jan,Kowalski,30-12-1899
739,Jan,Kowalski,30-12-1899
740,Jan,Kowalski,30-12-1899
741,Jan,Kowalski,30-12-1899
742,Jan,Kowalski,30-12-1899
743,Jan,Kowalski,30-12-1899
744,Jan,Kowalski,30-12-1899
745,Jan,Kowalski,30-12-1899
746,Jan,Kowalski,30-12-1899
747,Jan,Kowalski,30-12-1899
748,Jan,Kowalski,30-12-1899
749,Jan,Kowalski,30-12-1899
750,Jan,Kowalski,30-12-1899
751,Jan,Kowalski,30-12-1899
752,Jan,Kowalski,30-12-1899
753,Jan,Kowalski,30-12-1899
754,Jan,Kowalski,30-12-1899
755,Jan,Kowalski,30-12-1899
756,Jan,Kowalski,30-12-1899
757,Jan,Kowalski,30-12-1899
758,Jan,Kowalski,30-12-1899
759,Jan,Kowalski,30-12-1899
760,Jan,Kowalski,30-12-1899
761,Jan,Kowalski,30-12-1899
762,Jan,Kowalski,30-12-1899
763,Jan,Kowalski,30-12-1899
764,Jan,Kowalski,30-12-1899
765,Jan,Kowalski,30-12-1899
766,Jan,Kowalski,30-12-1899
767,Jan,Kowalski,30-12-1899
768,Jan,Kowalski,30-12-1899
769,Jan,Kowalski,30-12-1899
770,Jan,Kowalski,30-12-1899
771,Jan,Kowalski,30-12-1899
772,Jan,Kowalski,30-12-1899
773,Jan,Kowalski,30-12-1899
774,Jan,Kowalski,30-12-1899
775,Jan,Kowalski,30-12-1899
776,Jan,Kowalski,30-12-1899
777,Jan,Kowalski,30-12-1899
778,Jan,Kowalski,30-12-1899
779,Jan,Kowalski,30-12-1899
780,Jan,Kowalski,30-12-1899
781,Jan,Kowalski,30-12-1899
782,Jan,Kowalski,30-12-1899
783,Jan,Kowalski,30-12-1899
784,Jan,Kowalski,30-12-1899
785,Jan,Kowalski,30-12-1899
786,Jan,Kowalski,30-12-1899
787,Jan,Kowalski,30-12-1899
788,Jan,Kowalski,30-12-1899
789,Jan,Kowalski,30-12-1899
790,Jan,Kowalski,30-12-1899
791,Jan,Kowalski,30-12-1899
792,Jan,Kowalski,30-12-1899
793,Jan,Kowalski,30-12-1899
794,Jan,Kowalski,30-12-1899
795,Jan,Kowalski,30-12-1899
796,Jan,Kowalski,30-12-1899
797,Jan,Kowalski,30-12-1899
798,Jan,Kowalski,30-12-1899
799,Jan,Kowalski,30-12-1899
800,Jan,Kowalski,30-12-1899
801,Jan,Kowalski,30-12-1899
802,Jan,Kowalski,30-12-1899
803,Jan,Kowalski,30-12-1899
804,Jan,Kowalski,30-12-1899
805,Jan,Kowalski,30-12-1899
806,Jan,Kowalski,30-12-1899
807,Jan,Kowalski,30-12-1899
808,Jan,Kowalski,30-12-1899
809,Jan,Kowalski,30-12-1899
810,Jan,Kowalski,30-12-1899
811,Jan,Kowalski,30-12-1899
812,Jan,Kowalski,30-12-1899
813,Jan,Kowalski,30-12-1899
814,Jan,Kowalski,30-12-1899
815,Jan,Kowalski,30-12-1899
816,Jan,Kowalski,30-12-1899
817,Jan,Kowalski,30-12-1899
818,Jan,Kowalski,30-12-1899
819,Jan,Kowalski,30-12-1899
820,Jan,Kowalski,30-12-1899
821,Jan,Kowalski,30-12-1899
822,Jan,Kowalski,30-12-1899
823,Jan,Kowalski,30-12-1899
824,Jan,Kowalski,30-12-1899
825,Jan,Kowalski,30-12-1899
826,Jan,Kowalski,30-12-1899
827,Jan,Kowalski,30-12-1899
828,Jan,Kowalski,30-12-1899
829,Jan,Kowalski,30-12-1899
830,Jan,Kowalski,30-12-1899
831,Jan,Kowalski,30-12-1899
832,Jan,Kowalski,30-12-1899
833,Jan,Kowalski,30-12-1899
834,Jan,Kowalski,30-12-1899
835,Jan,Kowalski,30-12-1899
836,Jan,Kowalski,30-12-1899
837,Jan,Kowalski,30-12-1899
838,Jan,Kowalski,30-12-1899
839,Jan,Kowalski,30-12-1899
840,Jan,Kowalski,30-12-1899
841,Jan,Kowalski,30-12-1899
842,Jan,Kowalski,30-12-1899
843,Jan,Kowalski,30-12-1899
844,Jan,Kowalski,30-12-1899
845,Jan,Kowalski,30-12-1899
846,Jan,Kowalski,30-12-1899
847,Jan,Kowalski,30-12-1899
848,Jan,Kowalski,30-12-1899
849,Jan,Kowalski,30-12-1899
850,Jan,Kowalski,30-12-1899
851,Jan,Kowalski,30-12-1899
852,Jan,Kowalski,30-12-1899
853,Jan,Kowalski,30-12-1899
854,Jan,Kowalski,30-12-1899
855,Jan,Kowalski,30-12-1899
856,Jan,Kowalski,30-12-1899
857,Jan,Kowalski,30-12-1899
858,Jan,Kowalski,30-12-1899
859,Jan,Kowalski,30-12-1899
860,Jan,Kowalski,30-12-1899
861,Jan,Kowalski,30-12-1899
862,Jan,Kowalski,30-12-1899
863,Jan,Kowalski,30-12-1899
864,Jan,Kowalski,30-12-1899
865,Jan,Kowalski,30-12-1899
866,Jan,Kowalski,30-12-1899
867,Jan,Kowalski,30-12-1899
868,Jan,Kowalski,30-12-1899
869,Jan,Kowalski,30-12-1899
870,Jan,Kowalski,30-12-1899
871,Jan,Kowalski,30-12-1899
872,Jan,Kowalski,30-12-1899
873,Jan,Kowalski,30-12-1899
874,Jan,Kowalski,30-12-1899
875,Jan,Kowalski,30-12-1899
876,Jan,Kowalski,30-12-1899
877,Jan,Kowalski,30-12-1899
878,Jan,Kowalski,30-12-1899
879,Jan,Kowalski,30-12-1899
880,Jan,Kowalski,01-01-1900
881,Jan,Kowalski,01-01-1901
882,Jan,Kowalski,01-01-1902
883,Jan,Kowalski,01-01-1903
884,Jan,Kowalski,01-01-1904
885,Jan,Kowalski,01-01-1905
886,Jan,Kowalski,01-01-1906
887,Jan,Kowalski,01-01-1907
888,Jan,Kowalski,01-01-1908
889,Jan,Kowalski,01-01-1909
890,Jan,Kowalski,01-01-1910
891,Jan,Kowalski,01-01-1911
892,Jan,Kowalski,01-01-1912
893,Jan,Kowalski,01-01-1913
894,Jan,Kowalski,01-01-1914
895,Jan,Kowalski,01-01-1915
896,Jan,Kowalski,01-01-1916
897,Jan,Kowalski,01-01-1917
898,Jan,Kowalski,01-01-1918
899,Jan,Kowalski,01-01-1919
900,Jan,Kowalski,01-01-1920
901,Jan,Kowalski,01-01-1921
902,Jan,Kowalski,01-01-1922
903,Jan,Kowalski,01-01-1923
904,Jan,Kowalski,01-01-1924
905,Jan,Kowalski,01-01-1925
906,Jan,Kowalski,01-01-1926
907,Jan,Kowalski,01-01-1927
908,Jan,Kowalski,01-01-1928
909,Jan,Kowalski,01-01-1929
910,Jan,Kowalski,01-01-1930
911,Jan,Kowalski,01-01-1931
912,Jan,Kowalski,01-01-1932
913,Jan,Kowalski,01-01-1933
914,Jan,Kowalski,01-01-1934
915,Jan,Kowalski,01-01-1935
916,Jan,Kowalski,01-01-1936
917,Jan,Kowalski,01-01-1937
918,Jan,Kowalski,01-01-1938
919,Jan,Kowalski,01-01-1939
920,Jan,Kowalski,01-01-1940
921,Jan,Kowalski,01-01-1941
922,Jan,Kowalski,01-01-1942
923,Jan,Kowalski,01-01-1943
924,Jan,Kowalski,01-01-1944
925,Jan,Kowalski,01-01-1945
926,Jan,Kowalski,01-01-1946
927,Jan,Kowalski,01-01-1947
928,Jan,Kowalski,01-01-1948
929,Jan,Kowalski,01-01-1949
930,Jan,Kowalski,01-01-1950
931,Jan,Kowalski,01-01-1951
932,Jan,Kowalski,01-01-1952
933,Jan,Kowalski,01-01-1953
934,Jan,Kowalski,01-01-1954
935,Jan,Kowalski,01-01-1955
936,Jan,Kowalski,01-01-1956
937,Jan,Kowalski,01-01-1957
938,Jan,Kowalski,01-01-1958
939,Jan,Kowalski,01-01-1959
940,Jan,Kowalski,01-01-1960
941,Jan,Kowalski,01-01-1961
942,Jan,Kowalski,01-01-1962
943,Jan,Kowalski,01-01-1963
944,Jan,Kowalski,01-01-1964
945,Jan,Kowalski,01-01-1965
946,Jan,Kowalski,01-01-1966
947,Jan,Kowalski,01-01-1967
948,Jan,Kowalski,01-01-1968
949,Jan,Kowalski,01-01-1969
950,Jan,Kowalski,01-01-1970
951,Jan,Kowalski,01-01-1971
952,Jan,Kowalski,01-01-1972
953,Jan,Kowalski,01-01-1973
954,Jan,Kowalski,01-01-1974
955,Jan,Kowalski,01-01-1975
956,Jan,Kowalski,01-01-1976
957,Jan,Kowalski,01-01-1977
958,Jan,Kowalski,01-01-1978
959,Jan,Kowalski,01-01-1979
960,Jan,Kowalski,01-01-1980
961,Jan,Kowalski,01-01-1981
962,Jan,Kowalski,01-01-1982
963,Jan,Kowalski,01-01-1983
964,Jan,Kowalski,01-01-1984
965,Jan,Kowalski,01-01-1985
966,Jan,Kowalski,01-01-1986
967,Jan,Kowalski,01-01-1987
968,Jan,Kowalski,01-01-1988
969,Jan,Kowalski,01-01-1989
970,Jan,Kowalski,01-01-1990
971,Jan,Kowalski,01-01-1991
972,Jan,Kowalski,01-01-1992
973,Jan,Kowalski,01-01-1993
974,Jan,Kowalski,01-01-1994
975,Jan,Kowalski,01-01-1995
976,Jan,Kowalski,01-01-1996
977,Jan,Kowalski,01-01-1997
978,Jan,Kowalski,01-01-1998
979,Jan,Kowalski,01-01-1999
980,Jan,Kowalski,01-01-2000
981,Jan,Kowalski,01-01-2001
982,Jan,Kowalski,01-01-2002
983,Jan,Kowalski,01-01-2003
984,Jan,Kowalski,01-01-2004
985,Jan,Kowalski,01-01-2005
986,Jan,Kowalski,01-01-2006
987,Jan,Kowalski,01-01-2007
988,Jan,Kowalski,01-01-2008
989,Jan,Kowalski,01-01-2009
990,Jan,Kowalski,01-01-2010
991,Jan,Kowalski,01-01-2011
992,Jan,Kowalski,01-01-2012
993,Jan,Kowalski,01-01-2013
994,Jan,Kowalski,01-01-2014
995,Jan,Kowalski,01-01-2015
996,Jan,Kowalski,01-01-2016
997,Jan,Kowalski,01-01-2017
998,Jan,Kowalski,01-01-2018
999,Jan,Kowalski,01-01-2019
1000,Jan,Kowalski,01-01-2020